0,Meme factories
1,Art
2,Aesthetics
3,Remix culture
4,Identity
5,Students
6,Self deprecating
7,Memes as Capital
8,New Media
9,Photography
10,Linguistics
11,Semiotics
12,Ethnic humour
13,Feminism
14,Gender
15,Protest
16,Resistance
17,Politics
18,Youth
19,Mental health
20,Trolling and antagonism
21,Capitalism
22,Far-right
23,Propoganda
24,Rhetoric
25,Pain
26,Sick humour
27,Media
28,Starter pack
29,Indigenous
30,LGBTQ+
31,Pro-ana
32,Walter Benjamin
33,Mimetics
34,Meaning-making
35,Class
36,Misogyny
37,White Grievance
38,Race
39,Copyright
40,Law
41,Social Justice Warrior
42,Hashtags
43,LOLCats
44,Karen
45,Templates
46,Analog memes
47,Migration
48,Body image
49,Architecture
50,Genres
51,Post-feminism
52,Selfies
53,Virality
54,GIFs
55,Generational politics
56,Religion
57,Pepe
58,Memetics
59,Troling and antagonism
60,Injustice
61,Elections
62,Philosophy of science
63,Definitions
64,Health
65,Social media
66,Twitter
67,Humanitarianism
68,New media
69,Humour
70,Jokes
71,Sociology of humour
72,Environment
73,Discourse
74,Ideology
75,Liberalism
76,Genre
77,Digital culture
78,Media theory
79,Media archeaology
80,Parody
81,Fan studies
82,Affect
83,Labour
84,Affective labour
85,Epistemology
86,Evolution
87,Partisanship
88,Skepticism
89,Visual rhetoric
90,Synecdoche
91,Leftist politics
92,Unionism
93,Leftist memes
94,Citizenship
95,Network culture
96,Kony2012
97,Influencers
98,Laughter
99,Methodology
100,Web history
101,Far-right 
102,Fake news
103,Media literacy
104,Civic expression
105,GIF
106,Social movements
107,Content analysis
108,Metaphysics
109,Marketing
110,Viral videos
111,Emotions
